USE mall_lite;

INSERT INTO pms_category (id, parent_id, name, level, sort, icon_url, status, deleted)
VALUES (910001, 0, '家居收纳', 1, 10, 'https://images.unsplash.com/photo-1616486338812-3dadae4b4ace?auto=format&fit=crop&w=200&q=80', 1, 0),
       (910002, 0, '厨房餐具', 1, 20, 'https://images.unsplash.com/photo-1600585154340-be6161a56a0c?auto=format&fit=crop&w=200&q=80', 1, 0),
       (910003, 0, '数码家电', 1, 30, 'https://images.unsplash.com/photo-1589003077984-894e133dabab?auto=format&fit=crop&w=200&q=80', 1, 0),
       (910004, 0, '床品布艺', 1, 40, 'https://images.unsplash.com/photo-1616627451515-cbc80e6ece35?auto=format&fit=crop&w=200&q=80', 1, 0),
       (910005, 0, '个护清洁', 1, 50, 'https://images.unsplash.com/photo-1583947215259-38e31be8751f?auto=format&fit=crop&w=200&q=80', 1, 0)
ON DUPLICATE KEY UPDATE name = VALUES(name),
                        sort = VALUES(sort),
                        icon_url = VALUES(icon_url),
                        status = VALUES(status),
                        deleted = VALUES(deleted);

INSERT INTO pms_product (id, category_id, product_code, name, subtitle, main_image_url, description, status, sort, deleted)
VALUES (910001, 910001, 'FRONT-P-001', '夹缝移动收纳架', '厨房、冰箱、洗衣机旁边都能放，窄缝空间也不浪费',
        'https://images.unsplash.com/photo-1616486338812-3dadae4b4ace?auto=format&fit=crop&w=800&q=80',
        '适合厨房、卫生间、阳台等小空间使用，带滑轮，方便抽拉移动。', 1, 10, 0),
       (910002, 910002, 'FRONT-P-002', '复古陶瓷汤锅餐具套装', '花鸟图案，适合家庭聚餐和节日餐桌',
        'https://images.unsplash.com/photo-1518733057094-95b53143d2a7?auto=format&fit=crop&w=800&q=80',
        '陶瓷汤锅搭配餐碗，釉面细腻，适合炖汤、热菜和餐桌摆盘。', 1, 20, 0),
       (910003, 910002, 'FRONT-P-003', '双喜陶瓷小酒杯礼盒', '婚庆、乔迁、节日送礼都合适',
        'https://images.unsplash.com/photo-1598300042247-d088f8ab3a91?auto=format&fit=crop&w=800&q=80',
        '红色双喜设计，礼盒包装，适合婚宴、家庭聚会和节庆场景。', 1, 30, 0),
       (910004, 910001, 'FRONT-P-004', '布艺防烫锅盖把手套', '隔热防烫，厨房小物也要好看',
        'https://images.unsplash.com/photo-1584346133934-a3afd2a33c4c?auto=format&fit=crop&w=800&q=80',
        '柔软布艺材质，适配常见锅盖把手，减少烫手风险。', 1, 40, 0),
       (910005, 910001, 'FRONT-P-005', '衣柜分层收纳架', '衣柜隔层扩容，叠放衣物更整齐',
        'https://images.unsplash.com/photo-1616486886892-ff366aa67ba4?auto=format&fit=crop&w=800&q=80',
        '免打孔安装，适合衣柜、橱柜、书柜分层整理。', 1, 50, 0),
       (910006, 910002, 'FRONT-P-006', '原木水果干果盘', '客厅茶几、餐桌摆盘都耐看',
        'https://images.unsplash.com/photo-1565193566173-7a0ee3dbe261?auto=format&fit=crop&w=800&q=80',
        '天然木纹质感，适合放水果、坚果、点心和小物件。', 1, 60, 0),
       (910007, 910002, 'FRONT-P-007', '304 不锈钢餐具套装', '学生、上班族便携两件套',
        'https://images.unsplash.com/photo-1610701596007-11502861dcfa?auto=format&fit=crop&w=800&q=80',
        '食品接触级不锈钢，含筷子和勺子，适合通勤、露营和学校使用。', 1, 70, 0),
       (910008, 910004, 'FRONT-P-008', '法式复古四件套', '碎花田园风，卧室一秒变温柔',
        'https://images.unsplash.com/photo-1616627451515-cbc80e6ece35?auto=format&fit=crop&w=800&q=80',
        '亲肤面料，适合春夏卧室布置，包含被套、床单和枕套。', 1, 80, 0),
       (910009, 910001, 'FRONT-P-009', '藤编脏衣收纳篮', '大容量，可放衣物、玩具和毯子',
        'https://images.unsplash.com/photo-1604014237800-1c9102c219da?auto=format&fit=crop&w=800&q=80',
        '藤编质感，适合卧室、浴室和阳台收纳。', 1, 90, 0),
       (910010, 910002, 'FRONT-P-010', '加厚不锈钢洗菜盆', '厨房备菜、洗菜、和面都能用',
        'https://images.unsplash.com/photo-1584464491033-06628f3a6b7b?auto=format&fit=crop&w=800&q=80',
        '加厚盆体，不易变形，适合家庭厨房日常使用。', 1, 100, 0),
       (910011, 910002, 'FRONT-P-011', '实木长方形托盘', '端菜、下午茶、拍照摆盘都顺手',
        'https://images.unsplash.com/photo-1616627547584-bf28cee262db?auto=format&fit=crop&w=800&q=80',
        '实木材质，双侧把手，适合餐桌和茶几使用。', 1, 110, 0),
       (910012, 910002, 'FRONT-P-012', '迷你煎蛋小锅', '早餐煎蛋、培根、儿童餐都方便',
        'https://images.unsplash.com/photo-1585653621032-a5fec164ee92?auto=format&fit=crop&w=800&q=80',
        '小尺寸设计，适合单人早餐和轻食制作。', 1, 120, 0),
       (910013, 910003, 'FRONT-P-013', '智能扫地机器人', '自动清扫、预约任务、适合日常保洁',
        'https://images.unsplash.com/photo-1589003077984-894e133dabab?auto=format&fit=crop&w=800&q=80',
        '支持自动回充和多模式清扫，适合客厅、卧室和书房。', 1, 130, 0),
       (910014, 910005, 'FRONT-P-014', '家庭装抽纸组合', '柔韧亲肤，客厅卧室都要备一箱',
        'https://images.unsplash.com/photo-1583947215259-38e31be8751f?auto=format&fit=crop&w=800&q=80',
        '家庭常备抽纸，多包装组合，适合日常清洁和餐桌使用。', 1, 140, 0),
       (910015, 910003, 'FRONT-P-015', '便携蓝牙音箱', '小体积大音量，露营通勤都能带',
        'https://images.unsplash.com/photo-1608043152269-423dbba4e7e1?auto=format&fit=crop&w=800&q=80',
        '支持蓝牙连接，续航持久，适合桌面、卧室和户外场景。', 1, 150, 0),
       (910016, 910004, 'FRONT-P-016', '日式棉麻靠垫', '沙发、床头、飘窗都适合',
        'https://images.unsplash.com/photo-1616046229478-9901c5536a45?auto=format&fit=crop&w=800&q=80',
        '棉麻面料，填充饱满，适合客厅和卧室搭配。', 1, 160, 0),
       (910017, 910005, 'FRONT-P-017', '香氛洗手液套装', '清爽花果香，温和清洁不紧绷',
        'https://images.unsplash.com/photo-1607006344380-b6775a0824a7?auto=format&fit=crop&w=800&q=80',
        '泡沫细腻，适合厨房、浴室、办公室使用。', 1, 170, 0),
       (910018, 910001, 'FRONT-P-018', '桌面透明收纳盒', '化妆品、文具、小物件一盒收齐',
        'https://images.unsplash.com/photo-1618221195710-dd6b41faaea6?auto=format&fit=crop&w=800&q=80',
        '透明抽屉设计，方便分类和查找，适合桌面整理。', 1, 180, 0)
ON DUPLICATE KEY UPDATE category_id = VALUES(category_id),
                        name = VALUES(name),
                        subtitle = VALUES(subtitle),
                        main_image_url = VALUES(main_image_url),
                        description = VALUES(description),
                        status = VALUES(status),
                        sort = VALUES(sort),
                        deleted = VALUES(deleted);

INSERT INTO pms_sku (id, product_id, sku_code, sku_name, spec_data, price, original_price, main_image_url, status, deleted)
VALUES (910001, 910001, 'FRONT-S-001-A', '三层窄款 白色', JSON_OBJECT('规格', '三层窄款', '颜色', '白色'), 29.00, 39.00, 'https://images.unsplash.com/photo-1616486338812-3dadae4b4ace?auto=format&fit=crop&w=800&q=80', 1, 0),
       (910002, 910001, 'FRONT-S-001-B', '四层加高 白色', JSON_OBJECT('规格', '四层加高', '颜色', '白色'), 39.00, 49.00, 'https://images.unsplash.com/photo-1616486338812-3dadae4b4ace?auto=format&fit=crop&w=800&q=80', 1, 0),
       (910003, 910002, 'FRONT-S-002-A', '汤锅单件', JSON_OBJECT('组合', '汤锅单件'), 118.00, 158.00, 'https://images.unsplash.com/photo-1518733057094-95b53143d2a7?auto=format&fit=crop&w=800&q=80', 1, 0),
       (910004, 910002, 'FRONT-S-002-B', '汤锅餐碗套装', JSON_OBJECT('组合', '汤锅餐碗套装'), 168.00, 218.00, 'https://images.unsplash.com/photo-1518733057094-95b53143d2a7?auto=format&fit=crop&w=800&q=80', 1, 0),
       (910005, 910003, 'FRONT-S-003-A', '六只装', JSON_OBJECT('数量', '六只装'), 29.85, 49.00, 'https://images.unsplash.com/photo-1598300042247-d088f8ab3a91?auto=format&fit=crop&w=800&q=80', 1, 0),
       (910006, 910004, 'FRONT-S-004-A', '两只装', JSON_OBJECT('数量', '两只装'), 11.50, 19.90, 'https://images.unsplash.com/photo-1584346133934-a3afd2a33c4c?auto=format&fit=crop&w=800&q=80', 1, 0),
       (910007, 910005, 'FRONT-S-005-A', '小号两只装', JSON_OBJECT('规格', '小号两只装'), 37.80, 59.00, 'https://images.unsplash.com/photo-1616486886892-ff366aa67ba4?auto=format&fit=crop&w=800&q=80', 1, 0),
       (910008, 910006, 'FRONT-S-006-A', '圆形原木色', JSON_OBJECT('形状', '圆形', '颜色', '原木色'), 33.00, 45.00, 'https://images.unsplash.com/photo-1565193566173-7a0ee3dbe261?auto=format&fit=crop&w=800&q=80', 1, 0),
       (910009, 910007, 'FRONT-S-007-A', '金色两件套', JSON_OBJECT('颜色', '金色', '组合', '筷勺'), 19.90, 29.90, 'https://images.unsplash.com/photo-1610701596007-11502861dcfa?auto=format&fit=crop&w=800&q=80', 1, 0),
       (910010, 910008, 'FRONT-S-008-A', '1.5 米床', JSON_OBJECT('尺寸', '1.5米床'), 168.00, 229.00, 'https://images.unsplash.com/photo-1616627451515-cbc80e6ece35?auto=format&fit=crop&w=800&q=80', 1, 0),
       (910011, 910008, 'FRONT-S-008-B', '1.8 米床', JSON_OBJECT('尺寸', '1.8米床'), 188.00, 259.00, 'https://images.unsplash.com/photo-1616627451515-cbc80e6ece35?auto=format&fit=crop&w=800&q=80', 1, 0),
       (910012, 910009, 'FRONT-S-009-A', '大号藤编', JSON_OBJECT('规格', '大号藤编'), 58.00, 79.00, 'https://images.unsplash.com/photo-1604014237800-1c9102c219da?auto=format&fit=crop&w=800&q=80', 1, 0),
       (910013, 910010, 'FRONT-S-010-A', '28cm 单盆', JSON_OBJECT('尺寸', '28cm'), 24.90, 35.00, 'https://images.unsplash.com/photo-1584464491033-06628f3a6b7b?auto=format&fit=crop&w=800&q=80', 1, 0),
       (910014, 910011, 'FRONT-S-011-A', '中号托盘', JSON_OBJECT('规格', '中号'), 45.00, 69.00, 'https://images.unsplash.com/photo-1616627547584-bf28cee262db?auto=format&fit=crop&w=800&q=80', 1, 0),
       (910015, 910012, 'FRONT-S-012-A', '圆形单锅', JSON_OBJECT('形状', '圆形'), 16.80, 29.90, 'https://images.unsplash.com/photo-1585653621032-a5fec164ee92?auto=format&fit=crop&w=800&q=80', 1, 0),
       (910016, 910013, 'FRONT-S-013-A', '标准版', JSON_OBJECT('版本', '标准版'), 699.00, 899.00, 'https://images.unsplash.com/photo-1589003077984-894e133dabab?auto=format&fit=crop&w=800&q=80', 1, 0),
       (910017, 910013, 'FRONT-S-013-B', '自动集尘版', JSON_OBJECT('版本', '自动集尘版'), 999.00, 1299.00, 'https://images.unsplash.com/photo-1589003077984-894e133dabab?auto=format&fit=crop&w=800&q=80', 1, 0),
       (910018, 910014, 'FRONT-S-014-A', '18 包家庭装', JSON_OBJECT('规格', '18包'), 49.90, 69.90, 'https://images.unsplash.com/photo-1583947215259-38e31be8751f?auto=format&fit=crop&w=800&q=80', 1, 0),
       (910019, 910015, 'FRONT-S-015-A', '曜石黑', JSON_OBJECT('颜色', '曜石黑'), 129.00, 169.00, 'https://images.unsplash.com/photo-1608043152269-423dbba4e7e1?auto=format&fit=crop&w=800&q=80', 1, 0),
       (910020, 910016, 'FRONT-S-016-A', '米白 45cm', JSON_OBJECT('颜色', '米白', '尺寸', '45cm'), 39.90, 59.90, 'https://images.unsplash.com/photo-1616046229478-9901c5536a45?auto=format&fit=crop&w=800&q=80', 1, 0),
       (910021, 910017, 'FRONT-S-017-A', '三瓶组合', JSON_OBJECT('规格', '三瓶组合'), 36.90, 49.90, 'https://images.unsplash.com/photo-1607006344380-b6775a0824a7?auto=format&fit=crop&w=800&q=80', 1, 0),
       (910022, 910018, 'FRONT-S-018-A', '三层透明款', JSON_OBJECT('规格', '三层透明款'), 26.90, 39.90, 'https://images.unsplash.com/photo-1618221195710-dd6b41faaea6?auto=format&fit=crop&w=800&q=80', 1, 0)
ON DUPLICATE KEY UPDATE sku_name = VALUES(sku_name),
                        spec_data = VALUES(spec_data),
                        price = VALUES(price),
                        original_price = VALUES(original_price),
                        main_image_url = VALUES(main_image_url),
                        status = VALUES(status),
                        deleted = VALUES(deleted);

UPDATE pms_product
SET sort = 1,
    status = 1,
    deleted = 0
WHERE product_code LIKE 'FRONT-P-%';
